"station id","time","type","station name","station latitude","station longitude","bike_id","current bike count","initial bike count"
"3640","2019-09-01 00:00:37.6920","0","Journal Square","40.73367","-74.0625","29303","9","10"
"3194","2019-09-01 00:03:00.6000","0","McGinley Square","40.7253399253558","-74.0676221251488","29297","27","28"
"3206","2019-09-01 00:03:03.0100","1","Hilltop","40.7311689","-74.0575736","29303","19","18"
"3679","2019-09-01 00:06:33.3420","1","Bergen Ave","40.722103786686","-74.0714550018311","29297","12","11"
"3214","2019-09-01 00:07:13.0020","0","Essex Light Rail","40.7127742","-74.0364857","29435","15","16"
"3214","2019-09-01 00:07:25.3350","0","Essex Light Rail","40.7127742","-74.0364857","29509","14","16"
"3214","2019-09-01 00:07:56.4670","0","Essex Light Rail","40.7127742","-74.0364857","29226","13","16"
"3185","2019-09-01 00:08:10.2980","0","City Hall","40.7177325","-74.043845","26188","10","11"
"3214","2019-09-01 00:08:40.1730","0","Essex Light Rail","40.7127742","-74.0364857","29643","12","16"
"3214","2019-09-01 00:10:57.8280","1","Essex Light Rail","40.7127742","-74.0364857","29643","13","16"
"3184","2019-09-01 00:16:42.8610","1","Paulus Hook","40.7141454","-74.0335519","29435","11","10"
"3184","2019-09-01 00:17:40.9420","0","Paulus Hook","40.7141454","-74.0335519","29475","10","10"
"3199","2019-09-01 00:18:46.2400","0","Newport Pkwy","40.7287448","-74.0321082","29550","12","13"
"3199","2019-09-01 00:19:24.6770","0","Newport Pkwy","40.7287448","-74.0321082","26158","11","13"
"3280","2019-09-01 00:20:38.6300","1","Astor Place","40.719282200707","-74.071261882782","26188","16","15"
"3187","2019-09-01 00:28:12.6340","1","Warren St","40.7211236","-74.03805095","29475","16","15"
"3640","2019-09-01 00:29:29.3060","0","Journal Square","40.73367","-74.0625","29530","8","10"
"3792","2019-09-01 00:30:22.5440","1","Columbus Dr at Exchange Pl","40.71687","-74.03281","29226","11","10"
"3792","2019-09-01 00:30:26.1640","1","Columbus Dr at Exchange Pl","40.71687","-74.03281","29509","12","10"
"3276","2019-09-01 00:30:54.7890","0","Marin Light Rail","40.7145840353589","-74.042817056179","26316","32","33"
"3276","2019-09-01 00:30:58.8170","0","Marin Light Rail","40.7145840353589","-74.042817056179","29677","31","33"
"3211","2019-09-01 00:37:51.8960","1","Newark Ave","40.72152515","-74.046304543","26316","21","20"
"3211","2019-09-01 00:38:00.9920","1","Newark Ave","40.72152515","-74.046304543","29677","22","20"
"3792","2019-09-01 00:42:16.4750","0","Columbus Dr at Exchange Pl","40.71687","-74.03281","29509","11","10"
"3639","2019-09-01 00:43:56.0130","1","Harborside","40.7192517","-74.034234","29509","15","14"
"3199","2019-09-01 00:44:49.1910","0","Newport Pkwy","40.7287448","-74.0321082","29581","10","13"
"3185","2019-09-01 00:48:12.5220","0","City Hall","40.7177325","-74.043845","29200","9","11"
"3191","2019-09-01 00:48:39.2530","1","Union St","40.7182113","-74.0836394","29530","11","10"
"3199","2019-09-01 00:48:42.8730","1","Newport Pkwy","40.7287448","-74.0321082","29550","11","13"
"3199","2019-09-01 00:48:44.9460","1","Newport Pkwy","40.7287448","-74.0321082","26158","12","13"
"3203","2019-09-01 00:51:06.0250","1","Hamilton Park","40.727595966","-74.044247311","29581","82","81"
"3192","2019-09-01 00:54:28.0920","1","Liberty Light Rail","40.7112423","-74.0557013","29200","25","24"
"3639","2019-09-01 00:55:33.6180","0","Harborside","40.7192517","-74.034234","29298","14","14"
"3199","2019-09-01 01:00:05.8750","0","Newport Pkwy","40.7287448","-74.0321082","29304","11","13"
"3199","2019-09-01 01:00:54.3630","0","Newport Pkwy","40.7287448","-74.0321082","29446","10","13"
"3481","2019-09-01 01:00:54.9490","0","York St","40.71649","-74.04105","29641","11","12"
"3211","2019-09-01 01:02:35.4410","0","Newark Ave","40.72152515","-74.046304543","26164","21","20"
"3276","2019-09-01 01:03:32.2740","0","Marin Light Rail","40.7145840353589","-74.042817056179","29489","30","33"
"3276","2019-09-01 01:03:52.5410","0","Marin Light Rail","40.7145840353589","-74.042817056179","29591","29","33"
"3186","2019-09-01 01:04:29.1320","1","Grove St PATH","40.7195861164717","-74.0431174635887","29641","11","10"
"3214","2019-09-01 01:13:27.3080","1","Essex Light Rail","40.7127742","-74.0364857","29446","14","16"
"3214","2019-09-01 01:13:27.8720","1","Essex Light Rail","40.7127742","-74.0364857","29304","15","16"
"3276","2019-09-01 01:15:18.0430","0","Marin Light Rail","40.7145840353589","-74.042817056179","29636","28","33"
"3186","2019-09-01 01:22:41.5860","1","Grove St PATH","40.7195861164717","-74.0431174635887","29636","12","10"
"3186","2019-09-01 01:26:45.2870","0","Grove St PATH","40.7195861164717","-74.0431174635887","29641","11","10"
"3196","2019-09-01 01:31:28.3810","1","Riverview Park","40.7443187","-74.0439909","29489","11","10"
"3196","2019-09-01 01:31:44.3800","1","Riverview Park","40.7443187","-74.0439909","29591","12","10"
"3196","2019-09-01 01:38:31.9850","1","Riverview Park","40.7443187","-74.0439909","29298","13","10"
"3186","2019-09-01 01:42:08.7720","0","Grove St PATH","40.7195861164717","-74.0431174635887","29636","10","10"
"3199","2019-09-01 01:42:31.8160","1","Newport Pkwy","40.7287448","-74.0321082","29641","11","13"
"3639","2019-09-01 01:47:23.7460","1","Harborside","40.7192517","-74.034234","29636","15","14"
"3202","2019-09-01 01:53:24.8410","0","Newport PATH","40.7272235","-74.0337589","26293","25","26"
"3202","2019-09-01 01:53:49.3130","0","Newport PATH","40.7272235","-74.0337589","29606","24","26"
"3791","2019-09-01 02:02:39.7040","1","Hoboken Ave at Monmouth St","40.7352083804536","-74.0469637513161","29606","14","13"
"3791","2019-09-01 02:02:40.1060","1","Hoboken Ave at Monmouth St","40.7352083804536","-74.0469637513161","26293","15","13"
"3202","2019-09-01 02:04:32.2330","0","Newport PATH","40.7272235","-74.0337589","26276","23","26"
"3202","2019-09-01 02:04:34.0760","0","Newport PATH","40.7272235","-74.0337589","26155","22","26"
"3639","2019-09-01 02:09:44.0760","1","Harborside","40.7192517","-74.034234","26155","16","14"
"3639","2019-09-01 02:09:56.6240","1","Harborside","40.7192517","-74.034234","26276","17","14"
"3203","2019-09-01 02:17:06.2630","0","Hamilton Park","40.727595966","-74.044247311","29628","81","81"
"3273","2019-09-01 02:17:22.8870","0","Manila & 1st","40.72165072488","-74.0428841114044","29526","13","14"
"3639","2019-09-01 02:23:33.6410","1","Harborside","40.7192517","-74.034234","29628","18","14"
"3185","2019-09-01 02:24:01.3540","0","City Hall","40.7177325","-74.043845","29622","8","11"
"3199","2019-09-01 02:26:41.7240","0","Newport Pkwy","40.7287448","-74.0321082","29641","10","13"
"3276","2019-09-01 02:29:59.6190","1","Marin Light Rail","40.7145840353589","-74.042817056179","29622","29","33"
"3275","2019-09-01 02:37:37.7950","0","Columbus Drive","40.7183551982321","-74.0389144420624","29548","9","10"
"3205","2019-09-01 02:38:46.6210","1","JC Medical Center","40.7165397809919","-74.0496379137039","29641","16","15"
"3202","2019-09-01 02:42:53.0140","0","Newport PATH","40.7272235","-74.0337589","29570","21","26"
"3202","2019-09-01 02:43:25.8040","1","Newport PATH","40.7272235","-74.0337589","29548","22","26"
"3203","2019-09-01 02:45:17.0020","0","Hamilton Park","40.727595966","-74.044247311","26297","80","81"
"3199","2019-09-01 02:46:34.1800","1","Newport Pkwy","40.7287448","-74.0321082","29570","11","13"
"3205","2019-09-01 02:51:07.3630","0","JC Medical Center","40.7165397809919","-74.0496379137039","26180","15","15"
"3640","2019-09-01 02:51:12.7230","0","Journal Square","40.73367","-74.0625","29656","7","10"
"3481","2019-09-01 02:55:10.1760","1","York St","40.71649","-74.04105","26180","12","12"
"3268","2019-09-01 02:55:46.0340","0","Lafayette Park","40.713463826692","-74.0628585219383","26192","16","17"
"3203","2019-09-01 02:55:46.9670","1","Hamilton Park","40.727595966","-74.044247311","26297","81","81"
"3281","2019-09-01 02:57:26.1770","1","Leonard Gordon Park","40.7459099663156","-74.0572714805603","29656","12","11"
"3640","2019-09-01 03:04:10.2680","0","Journal Square","40.73367","-74.0625","29220","6","10"
"3273","2019-09-01 03:06:52.5200","1","Manila & 1st","40.72165072488","-74.0428841114044","29526","14","14"
"3281","2019-09-01 03:10:40.1450","1","Leonard Gordon Park","40.7459099663156","-74.0572714805603","29220","13","11"
"3185","2019-09-01 03:10:44.3040","0","City Hall","40.7177325","-74.043845","29584","7","11"
"3220","2019-09-01 03:17:51.1480","0","5 Corners Library","40.7349610200095","-74.0595030784607","29569","14","15"
"3207","2019-09-01 03:21:05.1410","1","Oakland Ave","40.7376037","-74.0524783","29569","25","24"
"3694","2019-09-01 03:27:28.8460","1","Jackson Square","40.71113","-74.0789","29584","11","10"
"3185","2019-09-01 03:41:27.8760","0","City Hall","40.7177325","-74.043845","29679","6","11"
"3273","2019-09-01 03:41:44.3160","0","Manila & 1st","40.72165072488","-74.0428841114044","26311","13","14"
"3213","2019-09-01 03:43:44.5700","1","Van Vorst Park","40.71848892","-74.047726625","29679","24","23"
"3270","2019-09-01 03:44:15.3090","1","Jersey & 6th St","40.7252891078113","-74.0455716848373","26311","37","36"
"3194","2019-09-01 04:00:04.7280","0","McGinley Square","40.7253399253558","-74.0676221251488","26271","26","28"
"3679","2019-09-01 04:02:44.4880","1","Bergen Ave","40.722103786686","-74.0714550018311","26271","13","11"
"3194","2019-09-01 04:22:14.0670","0","McGinley Square","40.7253399253558","-74.0676221251488","29453","25","28"
"3225","2019-09-01 04:23:35.2940","1","Baldwin at Montgomery","40.7236589","-74.0641943","29453","12","11"
"3677","2019-09-01 04:32:27.6010","0","Glenwood Ave","40.7275514673001","-74.0710607171059","29207","9","10"
"3640","2019-09-01 04:37:50.3420","1","Journal Square","40.73367","-74.0625","29207","7","10"
"3220","2019-09-01 04:40:03.0650","0","5 Corners Library","40.7349610200095","-74.0595030784607","26280","13","15"
"3206","2019-09-01 04:43:18.9920","1","Hilltop","40.7311689","-74.0575736","26280","20","18"
"3640","2019-09-01 05:22:53.6110","0","Journal Square","40.73367","-74.0625","29207","6","10"
"3677","2019-09-01 05:30:13.5040","1","Glenwood Ave","40.7275514673001","-74.0710607171059","29207","10","10"
"3194","2019-09-01 06:07:41.9260","0","McGinley Square","40.7253399253558","-74.0676221251488","29437","24","28"
"3679","2019-09-01 06:11:14.7050","1","Bergen Ave","40.722103786686","-74.0714550018311","29437","14","11"
"3203","2019-09-01 06:37:06.2400","0","Hamilton Park","40.727595966","-74.044247311","29521","80","81"
"3639","2019-09-01 06:40:45.9690","0","Harborside","40.7192517","-74.034234","26269","17","14"
"3205","2019-09-01 06:45:46.8500","1","JC Medical Center","40.7165397809919","-74.0496379137039","29521","16","15"
"3203","2019-09-01 06:46:00.6450","0","Hamilton Park","40.727595966","-74.044247311","26297","79","81"
"3191","2019-09-01 06:49:39.3800","0","Union St","40.7182113","-74.0836394","29264","10","10"
"3193","2019-09-01 06:49:57.0580","0","Lincoln Park","40.7246050998869","-74.0784059464932","29578","10","11"
"3639","2019-09-01 06:55:53.2980","1","Harborside","40.7192517","-74.034234","26297","18","14"
"3192","2019-09-01 06:56:20.4860","1","Liberty Light Rail","40.7112423","-74.0557013","26269","26","24"
"3207","2019-09-01 06:56:40.2930","0","Oakland Ave","40.7376037","-74.0524783","29569","24","24"
"3195","2019-09-01 06:57:22.1120","1","Sip Ave","40.7308970978618","-74.0639126300812","29578","39","38"
"3192","2019-09-01 06:58:41.5280","0","Liberty Light Rail","40.7112423","-74.0557013","29654","25","24"
"3195","2019-09-01 07:00:28.3440","1","Sip Ave","40.7308970978618","-74.0639126300812","29264","40","38"
"3205","2019-09-01 07:01:00.2990","0","JC Medical Center","40.7165397809919","-74.0496379137039","26281","15","15"
"3186","2019-09-01 07:04:31.3440","1","Grove St PATH","40.7195861164717","-74.0431174635887","26281","11","10"
"3199","2019-09-01 07:06:16.5490","1","Newport Pkwy","40.7287448","-74.0321082","29569","12","13"
"3276","2019-09-01 07:10:23.4510","0","Marin Light Rail","40.7145840353589","-74.042817056179","26273","28","33"
"3483","2019-09-01 07:12:37.9310","0","Montgomery St","40.71942","-74.05099","26170","10","11"
"3199","2019-09-01 07:13:28.4090","0","Newport Pkwy","40.7287448","-74.0321082","29551","11","13"
"3186","2019-09-01 07:13:47.8720","1","Grove St PATH","40.7195861164717","-74.0431174635887","26273","12","10"
"3186","2019-09-01 07:15:57.6180","1","Grove St PATH","40.7195861164717","-74.0431174635887","26170","13","10"
"3203","2019-09-01 07:18:24.3800","0","Hamilton Park","40.727595966","-74.044247311","29522","78","81"
"3211","2019-09-01 07:20:28.7740","1","Newark Ave","40.72152515","-74.046304543","29551","22","20"
"3192","2019-09-01 07:22:34.9100","1","Liberty Light Rail","40.7112423","-74.0557013","29654","26","24"
"3192","2019-09-01 07:24:54.4820","0","Liberty Light Rail","40.7112423","-74.0557013","29287","25","24"
"3211","2019-09-01 07:25:29.7370","0","Newark Ave","40.72152515","-74.046304543","29551","21","20"
"3681","2019-09-01 07:30:39.7640","0","Grand St","40.7151776773203","-74.0376833081245","29221","14","15"
"3225","2019-09-01 07:30:59.4700","0","Baldwin at Montgomery","40.7236589","-74.0641943","26182","11","11"
"3792","2019-09-01 07:32:18.4890","1","Columbus Dr at Exchange Pl","40.71687","-74.03281","29522","12","10"
"3185","2019-09-01 07:33:29.2760","0","City Hall","40.7177325","-74.043845","29612","5","11"
"3185","2019-09-01 07:34:22.3100","1","City Hall","40.7177325","-74.043845","29221","6","11"
"3276","2019-09-01 07:36:39.0380","0","Marin Light Rail","40.7145840353589","-74.042817056179","26213","27","33"
"3209","2019-09-01 07:38:34.4690","1","Brunswick St","40.7241765","-74.0506564","29612","27","26"
"3639","2019-09-01 07:38:54.6810","0","Harborside","40.7192517","-74.034234","29509","17","14"
"3186","2019-09-01 07:39:22.9970","1","Grove St PATH","40.7195861164717","-74.0431174635887","26182","14","10"
"3199","2019-09-01 07:39:38.2710","1","Newport Pkwy","40.7287448","-74.0321082","29551","12","13"
"3186","2019-09-01 07:40:00.4410","1","Grove St PATH","40.7195861164717","-74.0431174635887","26213","15","10"
"3184","2019-09-01 07:41:26.2900","1","Paulus Hook","40.7141454","-74.0335519","29509","11","10"
"3202","2019-09-01 07:43:39.8720","1","Newport PATH","40.7272235","-74.0337589","29287","23","26"
"3202","2019-09-01 07:45:54.6910","0","Newport PATH","40.7272235","-74.0337589","29549","22","26"
"3187","2019-09-01 07:47:33.4710","0","Warren St","40.7211236","-74.03805095","29440","15","15"
"3187","2019-09-01 07:47:33.6130","0","Warren St","40.7211236","-74.03805095","29475","14","15"
"3270","2019-09-01 07:47:36.0530","0","Jersey & 6th St","40.7252891078113","-74.0455716848373","26311","36","36"
"3211","2019-09-01 07:48:45.4280","0","Newark Ave","40.72152515","-74.046304543","26257","20","20"
"3211","2019-09-01 07:49:25.2600","1","Newark Ave","40.72152515","-74.046304543","26311","21","20"
"3203","2019-09-01 07:51:33.0380","1","Hamilton Park","40.727595966","-74.044247311","26257","79","81"
"3267","2019-09-01 07:54:40.2960","0","Morris Canal","40.7124188237569","-74.0385255217552","29663","33","34"
"3280","2019-09-01 07:56:00.3740","0","Astor Place","40.719282200707","-74.071261882782","29242","15","15"
"3280","2019-09-01 07:56:11.8280","0","Astor Place","40.719282200707","-74.071261882782","29660","14","15"
"3275","2019-09-01 07:58:26.1590","0","Columbus Drive","40.7183551982321","-74.0389144420624","29534","8","10"
"3184","2019-09-01 07:58:55.5170","0","Paulus Hook","40.7141454","-74.0335519","29435","10","10"
"3639","2019-09-01 07:59:29.2270","1","Harborside","40.7192517","-74.034234","29549","18","14"
"3191","2019-09-01 07:59:54.1330","0","Union St","40.7182113","-74.0836394","29444","9","10"
"3184","2019-09-01 08:00:34.4160","1","Paulus Hook","40.7141454","-74.0335519","29663","11","10"
"3211","2019-09-01 08:01:42.4120","1","Newark Ave","40.72152515","-74.046304543","29534","22","20"
"3225","2019-09-01 08:02:36.7090","0","Baldwin at Montgomery","40.7236589","-74.0641943","29617","10","11"
"3270","2019-09-01 08:02:40.3290","0","Jersey & 6th St","40.7252891078113","-74.0455716848373","29533","35","36"
"3195","2019-09-01 08:03:02.0040","1","Sip Ave","40.7308970978618","-74.0639126300812","29660","41","38"
"3195","2019-09-01 08:03:09.5000","1","Sip Ave","40.7308970978618","-74.0639126300812","29242","42","38"
"3681","2019-09-01 08:04:22.5400","0","Grand St","40.7151776773203","-74.0376833081245","29230","13","15"
"3213","2019-09-01 08:06:34.9170","1","Van Vorst Park","40.71848892","-74.047726625","29533","25","23"
"3211","2019-09-01 08:06:58.6020","0","Newark Ave","40.72152515","-74.046304543","26311","21","20"
"3792","2019-09-01 08:07:25.7400","1","Columbus Dr at Exchange Pl","40.71687","-74.03281","29230","13","10"
"3678","2019-09-01 08:08:23.6530","1","Fairmount Ave","40.7257261374256","-74.0719592571259","29444","18","17"
"3270","2019-09-01 08:08:44.1650","1","Jersey & 6th St","40.7252891078113","-74.0455716848373","26311","36","36"
"3267","2019-09-01 08:08:56.7450","0","Morris Canal","40.7124188237569","-74.0385255217552","26207","32","34"
"3268","2019-09-01 08:09:13.8430","0","Lafayette Park","40.713463826692","-74.0628585219383","29288","15","17"
"3277","2019-09-01 08:10:29.5040","1","Communipaw & Berry Lane","40.7143583687043","-74.0666109323502","29475","13","12"
"3186","2019-09-01 08:10:30.1400","1","Grove St PATH","40.7195861164717","-74.0431174635887","29617","16","10"
"3277","2019-09-01 08:10:37.1620","1","Communipaw & Berry Lane","40.7143583687043","-74.0666109323502","29440","14","12"
"3792","2019-09-01 08:12:14.2100","1","Columbus Dr at Exchange Pl","40.71687","-74.03281","26207","14","10"
"3276","2019-09-01 08:12:44.9830","0","Marin Light Rail","40.7145840353589","-74.042817056179","29622","26","33"
"3203","2019-09-01 08:13:39.9650","1","Hamilton Park","40.727595966","-74.044247311","29435","80","81"
"3199","2019-09-01 08:14:47.6960","0","Newport Pkwy","40.7287448","-74.0321082","26263","11","13"
"3185","2019-09-01 08:14:54.2400","1","City Hall","40.7177325","-74.043845","29288","7","11"
"3199","2019-09-01 08:15:26.6220","0","Newport Pkwy","40.7287448","-74.0321082","29250","10","13"
"3639","2019-09-01 08:16:59.3640","0","Harborside","40.7192517","-74.034234","26276","17","14"
"3270","2019-09-01 08:17:52.1980","0","Jersey & 6th St","40.7252891078113","-74.0455716848373","29299","35","36"
"3639","2019-09-01 08:19:18.4760","0","Harborside","40.7192517","-74.034234","26155","16","14"
"3792","2019-09-01 08:21:00.2940","0","Columbus Dr at Exchange Pl","40.71687","-74.03281","29240","13","10"
"3277","2019-09-01 08:21:52.4830","0","Communipaw & Berry Lane","40.7143583687043","-74.0666109323502","29475","13","12"
"3277","2019-09-01 08:22:06.8850","0","Communipaw & Berry Lane","40.7143583687043","-74.0666109323502","29305","12","12"
"3202","2019-09-01 08:22:49.4590","1","Newport PATH","40.7272235","-74.0337589","26155","23","26"
"3202","2019-09-01 08:22:51.2410","1","Newport PATH","40.7272235","-74.0337589","26276","24","26"
"3276","2019-09-01 08:23:18.8390","1","Marin Light Rail","40.7145840353589","-74.042817056179","29622","27","33"
"3214","2019-09-01 08:27:25.4400","0","Essex Light Rail","40.7127742","-74.0364857","29446","14","16"
"3275","2019-09-01 08:27:53.0600","0","Columbus Drive","40.7183551982321","-74.0389144420624","29671","7","10"
"3207","2019-09-01 08:29:45.5850","0","Oakland Ave","40.7376037","-74.0524783","29502","23","24"
"3195","2019-09-01 08:31:24.0750","0","Sip Ave","40.7308970978618","-74.0639126300812","29660","41","38"
"3210","2019-09-01 08:32:26.1780","0","Pershing Field","40.742677141","-74.051788633","29624","14","15"
"3192","2019-09-01 08:33:02.8370","1","Liberty Light Rail","40.7112423","-74.0557013","29299","26","24"
"3199","2019-09-01 08:34:34.6070","1","Newport Pkwy","40.7287448","-74.0321082","26263","11","13"
"3186","2019-09-01 08:34:45.9530","0","Grove St PATH","40.7195861164717","-74.0431174635887","29617","15","10"
"3199","2019-09-01 08:35:09.9650","1","Newport Pkwy","40.7287448","-74.0321082","29250","12","13"
"3206","2019-09-01 08:36:26.6540","1","Hilltop","40.7311689","-74.0575736","29502","21","18"
"3209","2019-09-01 08:38:52.3150","0","Brunswick St","40.7241765","-74.0506564","29612","26","26"
"3681","2019-09-01 08:39:38.8120","1","Grand St","40.7151776773203","-74.0376833081245","29617","14","15"
"3280","2019-09-01 08:40:05.7810","0","Astor Place","40.719282200707","-74.071261882782","29680","13","15"
"3640","2019-09-01 08:40:32.5840","1","Journal Square","40.73367","-74.0625","29624","7","10"
"3209","2019-09-01 08:42:51.3230","0","Brunswick St","40.7241765","-74.0506564","26216","25","26"
"3202","2019-09-01 08:43:48.0070","1","Newport PATH","40.7272235","-74.0337589","29240","25","26"
"3203","2019-09-01 08:44:38.3690","0","Hamilton Park","40.727595966","-74.044247311","29537","79","81"
"3275","2019-09-01 08:44:52.9710","1","Columbus Drive","40.7183551982321","-74.0389144420624","29612","8","10"
"3186","2019-09-01 08:46:42.6910","1","Grove St PATH","40.7195861164717","-74.0431174635887","26216","16","10"
"3203","2019-09-01 08:47:14.9570","0","Hamilton Park","40.727595966","-74.044247311","29482","78","81"
"3195","2019-09-01 08:48:10.1320","1","Sip Ave","40.7308970978618","-74.0639126300812","29680","42","38"
"3186","2019-09-01 08:48:57.7730","1","Grove St PATH","40.7195861164717","-74.0431174635887","29537","17","10"
"3195","2019-09-01 08:49:28.0150","1","Sip Ave","40.7308970978618","-74.0639126300812","29660","43","38"
"3203","2019-09-01 08:49:31.6720","0","Hamilton Park","40.727595966","-74.044247311","29620","77","81"
"3201","2019-09-01 08:50:00.3030","0","Dey St","40.737711","-74.066921","29517","9","10"
"3211","2019-09-01 08:51:02.3530","1","Newark Ave","40.72152515","-74.046304543","29482","22","20"
"3276","2019-09-01 08:51:47.1010","0","Marin Light Rail","40.7145840353589","-74.042817056179","29622","26","33"
"3275","2019-09-01 08:52:00.9030","0","Columbus Drive","40.7183551982321","-74.0389144420624","26239","7","10"
"3211","2019-09-01 08:52:21.5510","1","Newark Ave","40.72152515","-74.046304543","29620","23","20"
"3275","2019-09-01 08:52:47.1420","1","Columbus Drive","40.7183551982321","-74.0389144420624","29671","8","10"
"3195","2019-09-01 08:53:58.0900","0","Sip Ave","40.7308970978618","-74.0639126300812","29578","42","38"
"3639","2019-09-01 08:54:00.2070","0","Harborside","40.7192517","-74.034234","29636","15","14"
"3278","2019-09-01 08:54:23.3450","0","Monmouth and 6th","40.725685483629","-74.0487903356552","26220","38","39"
"3186","2019-09-01 08:55:50.3430","1","Grove St PATH","40.7195861164717","-74.0431174635887","29622","18","10"
"3679","2019-09-01 08:56:10.7430","0","Bergen Ave","40.722103786686","-74.0714550018311","29437","13","11"
"3272","2019-09-01 08:56:25.0740","1","Jersey & 3rd","40.7233315864644","-74.0459525585174","26220","20","19"
"3195","2019-09-01 08:56:47.3290","1","Sip Ave","40.7308970978618","-74.0639126300812","29517","43","38"
"3677","2019-09-01 08:56:59.0390","1","Glenwood Ave","40.7275514673001","-74.0710607171059","29578","11","10"
"3187","2019-09-01 08:57:31.3790","1","Warren St","40.7211236","-74.03805095","29475","15","15"
"3187","2019-09-01 08:57:53.5060","1","Warren St","40.7211236","-74.03805095","29305","16","15"
"3203","2019-09-01 08:58:29.8500","0","Hamilton Park","40.727595966","-74.044247311","29607","76","81"
"3214","2019-09-01 08:58:42.8250","1","Essex Light Rail","40.7127742","-74.0364857","29446","15","16"
"3203","2019-09-01 08:58:54.6750","0","Hamilton Park","40.727595966","-74.044247311","26166","75","81"
"3638","2019-09-01 08:59:52.0200","0","Washington St","40.7242941","-74.0354826","29284","12","13"
"3638","2019-09-01 09:00:47.5660","1","Washington St","40.7242941","-74.0354826","29636","13","13"
"3202","2019-09-01 09:01:39.5390","1","Newport PATH","40.7272235","-74.0337589","29284","26","26"
"3195","2019-09-01 09:02:12.2780","1","Sip Ave","40.7308970978618","-74.0639126300812","29437","44","38"
"3202","2019-09-01 09:06:27.4280","1","Newport PATH","40.7272235","-74.0337589","26166","27","26"
"3202","2019-09-01 09:07:16.0390","1","Newport PATH","40.7272235","-74.0337589","26239","28","26"
"3211","2019-09-01 09:09:32.0140","0","Newark Ave","40.72152515","-74.046304543","29280","22","20"
"3639","2019-09-01 09:11:14.5970","0","Harborside","40.7192517","-74.034234","29644","14","14"
"3694","2019-09-01 09:12:40.2950","1","Jackson Square","40.71113","-74.0789","26192","12","10"
"3483","2019-09-01 09:17:46.4180","1","Montgomery St","40.71942","-74.05099","29607","11","11"
"3483","2019-09-01 09:18:02.7890","1","Montgomery St","40.71942","-74.05099","29280","12","11"
"3205","2019-09-01 09:18:07.0520","1","JC Medical Center","40.7165397809919","-74.0496379137039","29644","16","15"
"3640","2019-09-01 09:19:00.1120","0","Journal Square","40.73367","-74.0625","29624","6","10"
"3203","2019-09-01 09:20:16.8050","0","Hamilton Park","40.727595966","-74.044247311","29581","74","81"
"3213","2019-09-01 09:21:29.6630","0","Van Vorst Park","40.71848892","-74.047726625","26288","24","23"
"3184","2019-09-01 09:22:35.0940","0","Paulus Hook","40.7141454","-74.0335519","29663","10","10"
"3214","2019-09-01 09:23:08.1830","0","Essex Light Rail","40.7127742","-74.0364857","26294","14","16"
"3681","2019-09-01 09:23:09.8790","0","Grand St","40.7151776773203","-74.0376833081245","29470","13","15"
"3201","2019-09-01 09:23:15.3110","1","Dey St","40.737711","-74.066921","29624","10","10"
"3214","2019-09-01 09:24:15.5580","0","Essex Light Rail","40.7127742","-74.0364857","29456","13","16"
"3273","2019-09-01 09:24:44.9970","1","Manila & 1st","40.72165072488","-74.0428841114044","29581","14","14"
"3792","2019-09-01 09:24:49.3370","1","Columbus Dr at Exchange Pl","40.71687","-74.03281","29663","14","10"
"3203","2019-09-01 09:25:35.2050","0","Hamilton Park","40.727595966","-74.044247311","29296","73","81"
"3214","2019-09-01 09:25:45.5470","0","Essex Light Rail","40.7127742","-74.0364857","26251","12","16"
"3214","2019-09-01 09:26:07.8500","0","Essex Light Rail","40.7127742","-74.0364857","29586","11","16"
"3214","2019-09-01 09:27:37.5420","0","Essex Light Rail","40.7127742","-74.0364857","29455","10","16"
"3214","2019-09-01 09:27:52.3160","0","Essex Light Rail","40.7127742","-74.0364857","26190","9","16"
"3273","2019-09-01 09:28:12.8530","0","Manila & 1st","40.72165072488","-74.0428841114044","29581","13","14"
"3186","2019-09-01 09:28:39.5230","1","Grove St PATH","40.7195861164717","-74.0431174635887","29296","19","10"
"3792","2019-09-01 09:29:55.1460","0","Columbus Dr at Exchange Pl","40.71687","-74.03281","29226","13","10"
"3679","2019-09-01 09:30:23.0410","0","Bergen Ave","40.722103786686","-74.0714550018311","26271","12","11"
"3267","2019-09-01 09:31:55.0410","0","Morris Canal","40.7124188237569","-74.0385255217552","26243","31","34"
"3209","2019-09-01 09:32:44.1310","1","Brunswick St","40.7241765","-74.0506564","29581","26","26"
"3186","2019-09-01 09:33:01.4280","1","Grove St PATH","40.7195861164717","-74.0431174635887","29470","20","10"
"3199","2019-09-01 09:33:16.5410","0","Newport Pkwy","40.7287448","-74.0321082","29250","11","13"
"3267","2019-09-01 09:34:30.7720","1","Morris Canal","40.7124188237569","-74.0385255217552","29226","32","34"
"3185","2019-09-01 09:36:33.4720","0","City Hall","40.7177325","-74.043845","29221","6","11"
"3792","2019-09-01 09:36:35.8180","1","Columbus Dr at Exchange Pl","40.71687","-74.03281","26243","14","10"
"3186","2019-09-01 09:36:53.4370","0","Grove St PATH","40.7195861164717","-74.0431174635887","26216","19","10"
"3276","2019-09-01 09:37:19.5220","0","Marin Light Rail","40.7145840353589","-74.042817056179","29265","25","33"
"3792","2019-09-01 09:38:44.9380","0","Columbus Dr at Exchange Pl","40.71687","-74.03281","29513","13","10"
"3792","2019-09-01 09:38:49.7000","0","Columbus Dr at Exchange Pl","40.71687","-74.03281","29439","12","10"
"3191","2019-09-01 09:38:51.1240","1","Union St","40.7182113","-74.0836394","26271","10","10"
"3792","2019-09-01 09:39:00.4780","0","Columbus Dr at Exchange Pl","40.71687","-74.03281","26207","11","10"
"3186","2019-09-01 09:40:19.9410","1","Grove St PATH","40.7195861164717","-74.0431174635887","29265","20","10"
"3267","2019-09-01 09:40:55.0920","0","Morris Canal","40.7124188237569","-74.0385255217552","29226","31","34"
"3209","2019-09-01 09:41:09.6050","1","Brunswick St","40.7241765","-74.0506564","26216","27","26"
"3194","2019-09-01 09:42:22.1970","0","McGinley Square","40.7253399253558","-74.0676221251488","26157","23","28"
"3792","2019-09-01 09:42:38.6790","1","Columbus Dr at Exchange Pl","40.71687","-74.03281","29250","12","10"
"3209","2019-09-01 09:42:57.2640","0","Brunswick St","40.7241765","-74.0506564","26187","26","26"
"3192","2019-09-01 09:45:44.1800","0","Liberty Light Rail","40.7112423","-74.0557013","26222","25","24"
"3186","2019-09-01 09:46:01.9260","1","Grove St PATH","40.7195861164717","-74.0431174635887","29226","21","10"
"3213","2019-09-01 09:47:27.6280","0","Van Vorst Park","40.71848892","-74.047726625","29256","23","23"
"3195","2019-09-01 09:47:31.4920","1","Sip Ave","40.7308970978618","-74.0639126300812","26157","45","38"
"3275","2019-09-01 09:48:02.2840","0","Columbus Drive","40.7183551982321","-74.0389144420624","29673","7","10"
"3638","2019-09-01 09:48:44.8140","1","Washington St","40.7242941","-74.0354826","26251","14","13"
"3638","2019-09-01 09:49:06.2010","1","Washington St","40.7242941","-74.0354826","26294","15","13"
"3213","2019-09-01 09:49:33.8590","1","Van Vorst Park","40.71848892","-74.047726625","26187","24","23"
"3186","2019-09-01 09:49:47.6400","1","Grove St PATH","40.7195861164717","-74.0431174635887","29256","22","10"
"3201","2019-09-01 09:51:00.8800","0","Dey St","40.737711","-74.066921","26286","9","10"
"3276","2019-09-01 09:51:13.9560","1","Marin Light Rail","40.7145840353589","-74.042817056179","29439","26","33"
"3276","2019-09-01 09:51:16.8390","1","Marin Light Rail","40.7145840353589","-74.042817056179","26207","27","33"
"3203","2019-09-01 09:51:17.9760","0","Hamilton Park","40.727595966","-74.044247311","26278","72","81"
"3276","2019-09-01 09:51:23.9760","1","Marin Light Rail","40.7145840353589","-74.042817056179","29513","28","33"
"3638","2019-09-01 09:51:37.5720","0","Washington St","40.7242941","-74.0354826","26251","14","13"
"3203","2019-09-01 09:51:41.1570","0","Hamilton Park","40.727595966","-74.044247311","29123","71","81"
"3203","2019-09-01 09:52:05.0880","0","Hamilton Park","40.727595966","-74.044247311","26257","70","81"
"3638","2019-09-01 09:52:08.9350","0","Washington St","40.7242941","-74.0354826","29205","13","13"
"3269","2019-09-01 09:52:14.1860","0","Brunswick & 6th","40.7260117296463","-74.0503889322281","29479","38","39"
"3210","2019-09-01 09:52:28.1480","0","Pershing Field","40.742677141","-74.051788633","29212","13","15"
"3639","2019-09-01 09:52:36.5900","0","Harborside","40.7192517","-74.034234","29549","13","14"
"3276","2019-09-01 09:53:46.4970","0","Marin Light Rail","40.7145840353589","-74.042817056179","29439","27","33"
"3276","2019-09-01 09:53:49.8250","0","Marin Light Rail","40.7145840353589","-74.042817056179","26207","26","33"
"3276","2019-09-01 09:53:53.7760","0","Marin Light Rail","40.7145840353589","-74.042817056179","29513","25","33"
"3792","2019-09-01 09:54:16.5360","1","Columbus Dr at Exchange Pl","40.71687","-74.03281","29549","13","10"
"3191","2019-09-01 09:54:23.3050","0","Union St","40.7182113","-74.0836394","26271","9","10"
"3211","2019-09-01 09:54:29.9940","1","Newark Ave","40.72152515","-74.046304543","26278","23","20"
"3214","2019-09-01 09:54:44.2010","1","Essex Light Rail","40.7127742","-74.0364857","26190","10","16"
"3214","2019-09-01 09:54:55.8440","1","Essex Light Rail","40.7127742","-74.0364857","29455","11","16"
"3211","2019-09-01 09:54:56.2650","1","Newark Ave","40.72152515","-74.046304543","26257","24","20"
"3275","2019-09-01 09:55:38.0710","0","Columbus Drive","40.7183551982321","-74.0389144420624","29306","6","10"
"3481","2019-09-01 09:55:39.9000","0","York St","40.71649","-74.04105","29447","11","12"
"3211","2019-09-01 09:55:44.1330","1","Newark Ave","40.72152515","-74.046304543","29479","25","20"
"3213","2019-09-01 09:55:58.3150","1","Van Vorst Park","40.71848892","-74.047726625","26288","25","23"
"3638","2019-09-01 09:57:20.7100","1","Washington St","40.7242941","-74.0354826","29673","14","13"
"3640","2019-09-01 09:58:18.4600","1","Journal Square","40.73367","-74.0625","29212","7","10"
"3270","2019-09-01 09:58:28.7800","0","Jersey & 6th St","40.7252891078113","-74.0455716848373","29616","34","36"
"3203","2019-09-01 09:58:37.4080","0","Hamilton Park","40.727595966","-74.044247311","29435","69","81"
"3792","2019-09-01 09:59:34.7380","1","Columbus Dr at Exchange Pl","40.71687","-74.03281","29447","14","10"
"3210","2019-09-01 10:01:00.0530","0","Pershing Field","40.742677141","-74.051788633","26431","12","15"
"3481","2019-09-01 10:02:37.9190","0","York St","40.71649","-74.04105","29571","10","12"
"3481","2019-09-01 10:03:12.9580","0","York St","40.71649","-74.04105","29601","9","12"
"3483","2019-09-01 10:03:28.6050","0","Montgomery St","40.71942","-74.05099","29607","11","11"
"3483","2019-09-01 10:04:05.6410","0","Montgomery St","40.71942","-74.05099","29627","10","11"
"3270","2019-09-01 10:05:46.4370","1","Jersey & 6th St","40.7252891078113","-74.0455716848373","26222","35","36"
"3203","2019-09-01 10:06:21.4340","1","Hamilton Park","40.727595966","-74.044247311","26286","70","81"
"3679","2019-09-01 10:06:31.2520","1","Bergen Ave","40.722103786686","-74.0714550018311","26271","13","11"
"3205","2019-09-01 10:06:37.6490","1","JC Medical Center","40.7165397809919","-74.0496379137039","29435","17","15"
"3192","2019-09-01 10:06:48.9330","1","Liberty Light Rail","40.7112423","-74.0557013","26207","26","24"
"3192","2019-09-01 10:06:58.8660","1","Liberty Light Rail","40.7112423","-74.0557013","29439","27","24"
"3192","2019-09-01 10:07:27.4590","1","Liberty Light Rail","40.7112423","-74.0557013","29513","28","24"
"3678","2019-09-01 10:08:31.9480","0","Fairmount Ave","40.7257261374256","-74.0719592571259","29472","17","17"
"3199","2019-09-01 10:09:34.7110","1","Newport Pkwy","40.7287448","-74.0321082","29205","12","13"
"3483","2019-09-01 10:10:36.7330","0","Montgomery St","40.71942","-74.05099","29251","9","11"
"3638","2019-09-01 10:11:10.9550","1","Washington St","40.7242941","-74.0354826","29221","15","13"
"3483","2019-09-01 10:12:16.0250","1","Montgomery St","40.71942","-74.05099","26431","10","11"
"3211","2019-09-01 10:12:41.6440","0","Newark Ave","40.72152515","-74.046304543","29479","24","20"
"3205","2019-09-01 10:14:42.8070","1","JC Medical Center","40.7165397809919","-74.0496379137039","29251","18","15"
"3203","2019-09-01 10:15:39.7540","1","Hamilton Park","40.727595966","-74.044247311","29607","71","81"
"3203","2019-09-01 10:16:21.4780","1","Hamilton Park","40.727595966","-74.044247311","29627","72","81"
"3199","2019-09-01 10:16:59.0790","0","Newport Pkwy","40.7287448","-74.0321082","29210","11","13"
"3199","2019-09-01 10:17:37.4290","1","Newport Pkwy","40.7287448","-74.0321082","26251","12","13"
"3186","2019-09-01 10:18:34.8520","0","Grove St PATH","40.7195861164717","-74.0431174635887","26182","21","10"
"3213","2019-09-01 10:20:26.0160","0","Van Vorst Park","40.71848892","-74.047726625","26187","24","23"
"3639","2019-09-01 10:20:26.8090","0","Harborside","40.7192517","-74.034234","29487","12","14"
"3199","2019-09-01 10:21:08.2720","0","Newport Pkwy","40.7287448","-74.0321082","26251","11","13"
"3210","2019-09-01 10:21:24.2000","1","Pershing Field","40.742677141","-74.051788633","29472","13","15"
"3276","2019-09-01 10:23:19.7560","1","Marin Light Rail","40.7145840353589","-74.042817056179","26182","26","33"
"3192","2019-09-01 10:23:25.4360","0","Liberty Light Rail","40.7112423","-74.0557013","26269","27","24"
"3186","2019-09-01 10:23:28.9680","0","Grove St PATH","40.7195861164717","-74.0431174635887","26281","20","10"
"3192","2019-09-01 10:23:32.5590","0","Liberty Light Rail","40.7112423","-74.0557013","29200","26","24"
"3280","2019-09-01 10:24:18.5680","0","Astor Place","40.719282200707","-74.071261882782","26188","12","15"
"3276","2019-09-01 10:25:46.8730","1","Marin Light Rail","40.7145840353589","-74.042817056179","29487","27","33"
"3273","2019-09-01 10:25:55.3060","1","Manila & 1st","40.72165072488","-74.0428841114044","26187","14","14"
"3211","2019-09-01 10:26:30.7820","1","Newark Ave","40.72152515","-74.046304543","29616","25","20"
"3206","2019-09-01 10:26:59.0680","1","Hilltop","40.7311689","-74.0575736","29479","22","18"
"3186","2019-09-01 10:26:59.2370","0","Grove St PATH","40.7195861164717","-74.0431174635887","26273","19","10"
"3280","2019-09-01 10:28:26.6890","0","Astor Place","40.719282200707","-74.071261882782","29281","11","15"
"3186","2019-09-01 10:28:30.1150","0","Grove St PATH","40.7195861164717","-74.0431174635887","29296","18","10"
"3192","2019-09-01 10:29:11.8320","0","Liberty Light Rail","40.7112423","-74.0557013","26237","25","24"
"3639","2019-09-01 10:30:06.7940","0","Harborside","40.7192517","-74.034234","29628","11","14"
"3211","2019-09-01 10:30:24.9610","0","Newark Ave","40.72152515","-74.046304543","29535","24","20"
"3195","2019-09-01 10:31:02.2950","1","Sip Ave","40.7308970978618","-74.0639126300812","26188","46","38"
"3275","2019-09-01 10:31:12.6460","0","Columbus Drive","40.7183551982321","-74.0389144420624","29671","5","10"
"3275","2019-09-01 10:31:20.9390","0","Columbus Drive","40.7183551982321","-74.0389144420624","29612","4","10"
"3279","2019-09-01 10:31:38.6950","0","Dixon Mills","40.7216301426384","-74.0499678254128","29239","24","25"
"3277","2019-09-01 10:31:44.9870","0","Communipaw & Berry Lane","40.7143583687043","-74.0666109323502","29629","11","12"
"3792","2019-09-01 10:31:59.8980","0","Columbus Dr at Exchange Pl","40.71687","-74.03281","29522","13","10"
"3213","2019-09-01 10:32:13.8480","0","Van Vorst Park","40.71848892","-74.047726625","29533","23","23"
"3792","2019-09-01 10:33:18.9940","0","Columbus Dr at Exchange Pl","40.71687","-74.03281","29250","12","10"
"3269","2019-09-01 10:33:23.8640","0","Brunswick & 6th","40.7260117296463","-74.0503889322281","29552","37","39"
"3276","2019-09-01 10:33:25.6160","0","Marin Light Rail","40.7145840353589","-74.042817056179","26182","26","33"
"3276","2019-09-01 10:33:45.9640","0","Marin Light Rail","40.7145840353589","-74.042817056179","29487","25","33"
"3184","2019-09-01 10:34:25.1250","0","Paulus Hook","40.7141454","-74.0335519","29507","9","10"
"3681","2019-09-01 10:34:45.8490","1","Grand St","40.7151776773203","-74.0376833081245","29522","14","15"
"3184","2019-09-01 10:35:47.0440","0","Paulus Hook","40.7141454","-74.0335519","29595","8","10"
"3639","2019-09-01 10:36:04.1730","0","Harborside","40.7192517","-74.034234","29457","10","14"
"3211","2019-09-01 10:36:15.7060","1","Newark Ave","40.72152515","-74.046304543","29533","25","20"
"3185","2019-09-01 10:36:19.1650","1","City Hall","40.7177325","-74.043845","26182","7","11"
"3681","2019-09-01 10:36:21.6970","1","Grand St","40.7151776773203","-74.0376833081245","29535","15","15"
"3184","2019-09-01 10:36:34.4500","1","Paulus Hook","40.7141454","-74.0335519","26237","9","10"
"3638","2019-09-01 10:36:35.1090","1","Washington St","40.7242941","-74.0354826","29306","16","13"
"3199","2019-09-01 10:37:12.9730","0","Newport Pkwy","40.7287448","-74.0321082","29550","10","13"
"3639","2019-09-01 10:37:14.4630","0","Harborside","40.7192517","-74.034234","26297","9","14"
"3187","2019-09-01 10:37:26.0840","0","Warren St","40.7211236","-74.03805095","29475","15","15"
"3185","2019-09-01 10:39:14.5220","1","City Hall","40.7177325","-74.043845","29281","8","11"
"3192","2019-09-01 10:39:28.5580","0","Liberty Light Rail","40.7112423","-74.0557013","29654","24","24"
"3681","2019-09-01 10:39:57.6210","0","Grand St","40.7151776773203","-74.0376833081245","29522","14","15"
"3638","2019-09-01 10:40:22.6700","1","Washington St","40.7242941","-74.0354826","29612","17","13"
"3184","2019-09-01 10:40:23.0340","1","Paulus Hook","40.7141454","-74.0335519","29487","10","10"
"3792","2019-09-01 10:40:46.1460","0","Columbus Dr at Exchange Pl","40.71687","-74.03281","29254","11","10"
"3638","2019-09-01 10:40:47.1600","1","Washington St","40.7242941","-74.0354826","29671","18","13"
"3679","2019-09-01 10:41:15.0760","0","Bergen Ave","40.722103786686","-74.0714550018311","29297","12","11"
"3214","2019-09-01 10:41:17.9010","0","Essex Light Rail","40.7127742","-74.0364857","29455","10","16"
"3279","2019-09-01 10:42:23.2180","1","Dixon Mills","40.7216301426384","-74.0499678254128","29239","25","25"
"3199","2019-09-01 10:42:45.9270","1","Newport Pkwy","40.7287448","-74.0321082","29457","11","13"
"3199","2019-09-01 10:44:05.3940","0","Newport Pkwy","40.7287448","-74.0321082","29457","10","13"
"3225","2019-09-01 10:44:42.8030","0","Baldwin at Montgomery","40.7236589","-74.0641943","29492","9","11"
"3192","2019-09-01 10:44:49.7530","1","Liberty Light Rail","40.7112423","-74.0557013","29250","25","24"
"3199","2019-09-01 10:44:53.3870","0","Newport Pkwy","40.7287448","-74.0321082","29551","9","13"
"3638","2019-09-01 10:46:17.1540","1","Washington St","40.7242941","-74.0354826","26273","19","13"
"3638","2019-09-01 10:46:18.2440","1","Washington St","40.7242941","-74.0354826","29296","20","13"
"3638","2019-09-01 10:46:20.6350","1","Washington St","40.7242941","-74.0354826","26281","21","13"
"3638","2019-09-01 10:46:21.0410","1","Washington St","40.7242941","-74.0354826","29210","22","13"
"3792","2019-09-01 10:46:27.7670","0","Columbus Dr at Exchange Pl","40.71687","-74.03281","29640","10","10"
"3638","2019-09-01 10:46:34.7150","1","Washington St","40.7242941","-74.0354826","26251","23","13"
"3210","2019-09-01 10:46:34.8090","0","Pershing Field","40.742677141","-74.051788633","29472","12","15"
"3205","2019-09-01 10:46:54.0700","1","JC Medical Center","40.7165397809919","-74.0496379137039","26297","19","15"
"3792","2019-09-01 10:47:10.5330","0","Columbus Dr at Exchange Pl","40.71687","-74.03281","29663","9","10"
"3187","2019-09-01 10:48:11.5870","0","Warren St","40.7211236","-74.03805095","29305","14","15"
"3199","2019-09-01 10:48:33.6920","1","Newport Pkwy","40.7287448","-74.0321082","29522","10","13"
"3187","2019-09-01 10:48:39.4980","0","Warren St","40.7211236","-74.03805095","26277","13","15"
"3214","2019-09-01 10:48:43.3120","0","Essex Light Rail","40.7127742","-74.0364857","29544","9","16"
"3186","2019-09-01 10:48:46.0300","1","Grove St PATH","40.7195861164717","-74.0431174635887","29455","19","10"
"3638","2019-09-01 10:48:46.8750","0","Washington St","40.7242941","-74.0354826","26251","22","13"
"3210","2019-09-01 10:48:51.7240","0","Pershing Field","40.742677141","-74.051788633","29461","11","15"
"3211","2019-09-01 10:48:53.4110","1","Newark Ave","40.72152515","-74.046304543","29475","26","20"
"3638","2019-09-01 10:49:04.3380","0","Washington St","40.7242941","-74.0354826","29210","21","13"
"3202","2019-09-01 10:49:21.4150","0","Newport PATH","40.7272235","-74.0337589","26292","27","26"
"3202","2019-09-01 10:50:08.5060","0","Newport PATH","40.7272235","-74.0337589","26155","26","26"
"3220","2019-09-01 10:51:10.3720","1","5 Corners Library","40.7349610200095","-74.0595030784607","29492","14","15"
"3203","2019-09-01 10:51:11.7830","0","Hamilton Park","40.727595966","-74.044247311","26181","71","81"
"3272","2019-09-01 10:51:25.9540","0","Jersey & 3rd","40.7233315864644","-74.0459525585174","29495","19","19"
"3220","2019-09-01 10:52:26.2850","0","5 Corners Library","40.7349610200095","-74.0595030784607","29206","13","15"
"3275","2019-09-01 10:53:30.4230","1","Columbus Drive","40.7183551982321","-74.0389144420624","29544","5","10"
"3199","2019-09-01 10:53:45.9160","0","Newport Pkwy","40.7287448","-74.0321082","29293","9","13"
"3792","2019-09-01 10:54:01.1510","1","Columbus Dr at Exchange Pl","40.71687","-74.03281","29550","10","10"
"3275","2019-09-01 10:54:06.5620","1","Columbus Drive","40.7183551982321","-74.0389144420624","26292","6","10"
"3192","2019-09-01 10:54:34.9620","1","Liberty Light Rail","40.7112423","-74.0557013","29297","26","24"
"3275","2019-09-01 10:54:53.2940","1","Columbus Drive","40.7183551982321","-74.0389144420624","26155","7","10"
"3211","2019-09-01 10:55:08.7920","0","Newark Ave","40.72152515","-74.046304543","26198","25","20"
"3199","2019-09-01 10:55:23.2030","1","Newport Pkwy","40.7287448","-74.0321082","29628","10","13"
"3195","2019-09-01 10:55:27.0760","1","Sip Ave","40.7308970978618","-74.0639126300812","29472","47","38"
"3270","2019-09-01 10:55:32.5910","0","Jersey & 6th St","40.7252891078113","-74.0455716848373","29504","34","36"
"3186","2019-09-01 10:55:48.8680","1","Grove St PATH","40.7195861164717","-74.0431174635887","29495","20","10"
"3186","2019-09-01 10:56:23.9110","1","Grove St PATH","40.7195861164717","-74.0431174635887","29254","21","10"
"3209","2019-09-01 10:56:29.7780","1","Brunswick St","40.7241765","-74.0506564","26181","27","26"
"3185","2019-09-01 10:56:49.3420","0","City Hall","40.7177325","-74.043845","29281","7","11"
"3276","2019-09-01 10:57:21.6400","1","Marin Light Rail","40.7145840353589","-74.042817056179","29456","26","33"
"3276","2019-09-01 10:57:28.0030","1","Marin Light Rail","40.7145840353589","-74.042817056179","29586","27","33"
"3276","2019-09-01 10:58:03.4360","0","Marin Light Rail","40.7145840353589","-74.042817056179","29456","26","33"
"3203","2019-09-01 10:58:30.1320","0","Hamilton Park","40.727595966","-74.044247311","26286","70","81"
"3203","2019-09-01 10:58:37.4910","0","Hamilton Park","40.727595966","-74.044247311","29607","69","81"
"3276","2019-09-01 10:58:38.3390","0","Marin Light Rail","40.7145840353589","-74.042817056179","29586","25","33"
"3203","2019-09-01 10:58:44.9180","1","Hamilton Park","40.727595966","-74.044247311","26198","70","81"
"3275","2019-09-01 10:58:49.0840","1","Columbus Drive","40.7183551982321","-74.0389144420624","29551","8","10"
"3211","2019-09-01 10:59:12.1040","0","Newark Ave","40.72152515","-74.046304543","29620","24","20"
"3270","2019-09-01 10:59:13.8280","1","Jersey & 6th St","40.7252891078113","-74.0455716848373","29206","35","36"
"3273","2019-09-01 10:59:32.9820","0","Manila & 1st","40.72165072488","-74.0428841114044","26187","13","14"
"3639","2019-09-01 10:59:33.8750","1","Harborside","40.7192517","-74.034234","29293","10","14"
"3483","2019-09-01 11:00:11.6740","1","Montgomery St","40.71942","-74.05099","26277","11","11"
"3483","2019-09-01 11:00:19.1740","1","Montgomery St","40.71942","-74.05099","29305","12","11"
"3210","2019-09-01 11:00:40.1280","0","Pershing Field","40.742677141","-74.051788633","29505","10","15"
"3185","2019-09-01 11:01:04.3270","1","City Hall","40.7177325","-74.043845","29457","8","11"
"3270","2019-09-01 11:01:17.4550","1","Jersey & 6th St","40.7252891078113","-74.0455716848373","29461","36","36"
"3792","2019-09-01 11:01:37.3410","0","Columbus Dr at Exchange Pl","40.71687","-74.03281","29550","9","10"
"3269","2019-09-01 11:03:20.6340","1","Brunswick & 6th","40.7260117296463","-74.0503889322281","29620","38","39"
"3184","2019-09-01 11:04:12.1380","1","Paulus Hook","40.7141454","-74.0335519","29281","11","10"
"3267","2019-09-01 11:04:19.7110","1","Morris Canal","40.7124188237569","-74.0385255217552","29504","32","34"
"3203","2019-09-01 11:04:53.8880","0","Hamilton Park","40.727595966","-74.044247311","26228","69","81"
"3275","2019-09-01 11:04:59.9400","0","Columbus Drive","40.7183551982321","-74.0389144420624","26155","7","10"
"3187","2019-09-01 11:05:03.5180","0","Warren St","40.7211236","-74.03805095","29488","12","15"
"3275","2019-09-01 11:05:15.3710","0","Columbus Drive","40.7183551982321","-74.0389144420624","29551","6","10"
"3214","2019-09-01 11:05:15.6110","1","Essex Light Rail","40.7127742","-74.0364857","29550","10","16"
"3213","2019-09-01 11:05:39.8670","0","Van Vorst Park","40.71848892","-74.047726625","29498","22","23"
"3275","2019-09-01 11:06:05.3520","0","Columbus Drive","40.7183551982321","-74.0389144420624","29544","5","10"
"3275","2019-09-01 11:06:37.3580","0","Columbus Drive","40.7183551982321","-74.0389144420624","26292","4","10"
"3681","2019-09-01 11:07:57.1240","0","Grand St","40.7151776773203","-74.0376833081245","26204","13","15"
"3272","2019-09-01 11:08:27.6440","1","Jersey & 3rd","40.7233315864644","-74.0459525585174","26228","20","19"
"3202","2019-09-01 11:09:26.9270","0","Newport PATH","40.7272235","-74.0337589","29279","25","26"
"3225","2019-09-01 11:09:29.6680","0","Baldwin at Montgomery","40.7236589","-74.0641943","29516","8","11"
"3481","2019-09-01 11:10:11.3960","1","York St","40.71649","-74.04105","29571","10","12"
"3199","2019-09-01 11:10:27.1860","1","Newport Pkwy","40.7287448","-74.0321082","29663","11","13"
"3202","2019-09-01 11:10:31.0610","0","Newport PATH","40.7272235","-74.0337589","26239","24","26"
"3481","2019-09-01 11:10:32.9240","1","York St","40.71649","-74.04105","29601","11","12"
"3199","2019-09-01 11:10:43.5670","1","Newport Pkwy","40.7287448","-74.0321082","29640","12","13"
"3214","2019-09-01 11:10:58.0210","1","Essex Light Rail","40.7127742","-74.0364857","29210","11","16"
"3214","2019-09-01 11:11:08.8960","1","Essex Light Rail","40.7127742","-74.0364857","26251","12","16"
"3269","2019-09-01 11:11:24.0680","1","Brunswick & 6th","40.7260117296463","-74.0503889322281","26187","39","39"
"3205","2019-09-01 11:11:37.0530","0","JC Medical Center","40.7165397809919","-74.0496379137039","26296","18","15"
"3225","2019-09-01 11:12:04.8420","1","Baldwin at Montgomery","40.7236589","-74.0641943","29505","9","11"
"3269","2019-09-01 11:13:14.1800","1","Brunswick & 6th","40.7260117296463","-74.0503889322281","29552","40","39"
"3225","2019-09-01 11:13:57.1640","0","Baldwin at Montgomery","40.7236589","-74.0641943","26285","8","11"
"3269","2019-09-01 11:14:15.6540","0","Brunswick & 6th","40.7260117296463","-74.0503889322281","26187","39","39"
"3273","2019-09-01 11:14:29.1050","0","Manila & 1st","40.72165072488","-74.0428841114044","29286","12","14"
"3213","2019-09-01 11:14:40.2050","0","Van Vorst Park","40.71848892","-74.047726625","26189","21","23"
"3209","2019-09-01 11:14:48.3570","0","Brunswick St","40.7241765","-74.0506564","29246","26","26"
"3213","2019-09-01 11:15:22.6880","0","Van Vorst Park","40.71848892","-74.047726625","29679","20","23"
"3202","2019-09-01 11:16:10.2980","1","Newport PATH","40.7272235","-74.0337589","26204","25","26"
"3206","2019-09-01 11:16:10.4470","0","Hilltop","40.7311689","-74.0575736","26280","21","18"
"3681","2019-09-01 11:16:14.7440","0","Grand St","40.7151776773203","-74.0376833081245","29617","12","15"
"3639","2019-09-01 11:16:26.0110","0","Harborside","40.7192517","-74.034234","26160","9","14"
"3213","2019-09-01 11:16:52.3270","0","Van Vorst Park","40.71848892","-74.047726625","26288","19","23"
"3225","2019-09-01 11:16:54.8750","0","Baldwin at Montgomery","40.7236589","-74.0641943","29453","7","11"
"3185","2019-09-01 11:17:11.7630","0","City Hall","40.7177325","-74.043845","26182","7","11"
"3275","2019-09-01 11:17:24.9010","1","Columbus Drive","40.7183551982321","-74.0389144420624","29544","5","10"
"3681","2019-09-01 11:17:32.3240","0","Grand St","40.7151776773203","-74.0376833081245","26199","11","15"
"3275","2019-09-01 11:17:36.0770","1","Columbus Drive","40.7183551982321","-74.0389144420624","26292","6","10"
"3275","2019-09-01 11:17:51.6250","1","Columbus Drive","40.7183551982321","-74.0389144420624","29488","7","10"
"3199","2019-09-01 11:17:57.9890","0","Newport Pkwy","40.7287448","-74.0321082","29205","11","13"
"3275","2019-09-01 11:18:04.6330","1","Columbus Drive","40.7183551982321","-74.0389144420624","26155","8","10"
"3275","2019-09-01 11:18:12.9070","1","Columbus Drive","40.7183551982321","-74.0389144420624","29551","9","10"
"3199","2019-09-01 11:18:13.4140","0","Newport Pkwy","40.7287448","-74.0321082","29628","10","13"